accuracy,f1_score,recall,precision,roc_auc,mcc,seed,similarity
0.8986420520102956,0.8145501786294251,0.7924170616113744,0.8379552288673572,0.9445300889176429,0.7454392809013312,0,80
0.8989970710925712,0.8159171789065027,0.7968404423380727,0.8359297315213788,0.9433634470142336,0.7467845464136671,1,80
0.8993520901748469,0.8162074554294976,0.7955766192733017,0.837936772046589,0.9432645304749905,0.7474496226770934,2,80
0.899174580633709,0.8162406988029763,0.7971563981042654,0.8362611866092144,0.9428380174887093,0.7472305215925373,3,80
0.8982870329280199,0.8148626817447496,0.7968404423380727,0.8337190082644628,0.9435489764585268,0.7451568839263534,4,80
0.8462415759460861,0.7762185000754489,0.7654761904761904,0.7872666054484236,0.919251761563814,0.6592914190411309,0,60
0.8461378952825298,0.7755595886267392,0.763095238095238,0.7884378843788438,0.9195674461113005,0.6587573524129761,1,60
0.8464489372731986,0.7750949126803341,0.7595238095238095,0.7913178294573643,0.9211305735500246,0.6589201490909866,2,60
0.8473820632452048,0.7769020915428918,0.762797619047619,0.7915379864113651,0.9202658446035537,0.6612448516706855,3,60
0.8477967858994298,0.7768318637883855,0.7604166666666666,0.7939714108141703,0.9203153530704246,0.6617870651127171,4,60
0.9388145315487572,0.746031746031746,0.6619718309859155,0.8545454545454545,0.933659478997881,0.7193891119811724,0,40
0.9388145315487572,0.746031746031746,0.6619718309859155,0.8545454545454545,0.9339399227221737,0.7193891119811724,1,40
0.9388145315487572,0.746031746031746,0.6619718309859155,0.8545454545454545,0.9374610494827372,0.7193891119811724,2,40
0.9407265774378585,0.7559055118110236,0.676056338028169,0.8571428571428571,0.9338464414807429,0.7293022319021726,3,40
0.9388145315487572,0.746031746031746,0.6619718309859155,0.8545454545454545,0.9429141218995388,0.7193891119811724,4,40
0.8680219425621168,0.6608623548922057,0.8140960163432074,0.5561758548499651,0.9225267306285021,0.5988018262820324,0,20
0.8785091965150048,0.6802547770700637,0.8181818181818182,0.5821220930232558,0.9254088688674073,0.621298070922857,1,20
0.872539528880284,0.6672283066554339,0.8089887640449438,0.567741935483871,0.9230592783772502,0.6055588657448452,2,20
0.8633430138754437,0.6532951289398281,0.81511746680286,0.5450819672131147,0.919693326086561,0.5903061878314438,3,20
0.8685059696676347,0.6630839189747829,0.8192032686414709,0.5569444444444445,0.9234349584227193,0.601863359461812,4,20
