accuracy,f1_score,recall,precision,roc_auc,mcc,seed,similarity
0.9807692307692307,0.75,1.0,0.6,1.0,0.7668890479601258,0,20
0.9807692307692307,0.75,1.0,0.6,1.0,0.7668890479601258,1,20
0.9903846153846154,0.8571428571428571,1.0,0.75,1.0,0.8617274844321391,2,20
1.0,1.0,1.0,1.0,1.0,1.0,3,20
0.9903846153846154,0.8571428571428571,1.0,0.75,1.0,0.8617274844321391,4,20
0.5,0.3025830258302583,0.18061674008810572,0.9318181818181818,0.8235259795197944,0.24549950735536874,0,60
0.48677248677248675,0.2706766917293233,0.15859030837004406,0.9230769230769231,0.8129941360095692,0.22336594826419964,1,60
0.5052910052910053,0.32,0.19383259911894274,0.9166666666666666,0.8009452402485632,0.24616718069419488,2,60
0.49206349206349204,0.2835820895522388,0.16740088105726872,0.926829268292683,0.818624733786504,0.23237246906522327,3,60
0.5079365079365079,0.32608695652173914,0.19823788546255505,0.9183673469387755,0.8293024477054585,0.2504359342766247,4,60
1.0,1.0,1.0,1.0,,0.0,0,80
1.0,1.0,1.0,1.0,,0.0,1,80
1.0,1.0,1.0,1.0,,0.0,2,80
1.0,1.0,1.0,1.0,,0.0,3,80
1.0,1.0,1.0,1.0,,0.0,4,80
