accuracy,f1_score,recall,precision,roc_auc,mcc,seed,similarity
0.7763794772507261,0.5428759894459103,0.8406537282941777,0.40087676570871894,0.904220475159417,0.4687774175340499,0,20
0.8184898354307841,0.5898651111921254,0.8263534218590398,0.45861678004535145,0.9111015165965639,0.5199929243744883,1,20
0.7946111648919006,0.561790017211704,0.8335035750766088,0.4236760124610592,0.9011886129117678,0.48922240437088943,2,20
0.8030009680542111,0.571127502634352,0.8304392236976507,0.4352248394004283,0.9090455025941397,0.4993614156652588,3,20
0.7902549209422395,0.5572207084468664,0.8355464759959143,0.4179867143587123,0.905088287257156,0.484345807690643,4,20
