accuracy,f1_score,recall,precision,roc_auc,mcc,seed,similarity
0.8680219425621168,0.6608623548922057,0.8140960163432074,0.5561758548499651,0.9225267306285021,0.5988018262820324,0,20
0.8785091965150048,0.6802547770700637,0.8181818181818182,0.5821220930232558,0.9254088688674073,0.621298070922857,1,20
0.872539528880284,0.6672283066554339,0.8089887640449438,0.567741935483871,0.9230592783772502,0.6055588657448452,2,20
0.8633430138754437,0.6532951289398281,0.81511746680286,0.5450819672131147,0.919693326086561,0.5903061878314438,3,20
0.8685059696676347,0.6630839189747829,0.8192032686414709,0.5569444444444445,0.9234349584227193,0.601863359461812,4,20
