accuracy,f1_score,recall,precision,roc_auc,mcc,seed,similarity
0.9388145315487572,0.746031746031746,0.6619718309859155,0.8545454545454545,0.933659478997881,0.7193891119811724,0,40
0.9388145315487572,0.746031746031746,0.6619718309859155,0.8545454545454545,0.9339399227221737,0.7193891119811724,1,40
0.9388145315487572,0.746031746031746,0.6619718309859155,0.8545454545454545,0.9374610494827372,0.7193891119811724,2,40
0.9407265774378585,0.7559055118110236,0.676056338028169,0.8571428571428571,0.9338464414807429,0.7293022319021726,3,40
0.9388145315487572,0.746031746031746,0.6619718309859155,0.8545454545454545,0.9429141218995388,0.7193891119811724,4,40
0.9388145315487572,0.7575757575757576,0.704225352112676,0.819672131147541,0.9092297145706095,0.7255219317729775,0,40
