accuracy,f1_score,recall,precision,roc_auc,mcc,seed,similarity
0.9426386233269598,0.7794117647058824,0.7464788732394366,0.8153846153846154,0.9533217001121775,0.7474796383535297,0,40
0.9349904397705545,0.7571428571428571,0.7464788732394366,0.7681159420289855,0.9506419045244922,0.7197219973393495,1,40
0.9407265774378585,0.7737226277372263,0.7464788732394366,0.803030303030303,0.9524803689392995,0.7403243739191779,2,40
0.9426386233269598,0.7794117647058824,0.7464788732394366,0.8153846153846154,0.9503303003863892,0.7474796383535297,3,40
0.9407265774378585,0.7737226277372263,0.7464788732394366,0.803030303030303,0.9542876729402967,0.7403243739191779,4,40
