accuracy,f1_score,recall,precision,roc_auc,mcc,seed,similarity
0.702323330106486,0.46845289541918755,0.8304392236976507,0.32624398073836275,0.8693560164880385,0.3783952608064086,0,20
0.7334624072281382,0.49634146341463414,0.8314606741573034,0.3537592351151673,0.8807731082371495,0.41255664494096844,1,20
0.6965150048402711,0.4648648648648649,0.8345250255362615,0.3221608832807571,0.865020087481879,0.374690703130933,2,20
0.7420135527589545,0.5032618825722274,0.8273748723186926,0.36160714285714285,0.8844287226624021,0.42009104828557164,3,20
0.6950629235237173,0.4630681818181818,0.832482124616956,0.32073986619441164,0.8649619593373079,0.3720682809916937,4,20
