unique_enzymes,unique_substrates,num_pairs,time,memory
13,18,153,0:00:25.520666,59M
191,89,357,0:00:53.051960,40M
3139,498,4170,0:12:03.462282,455M
7000,1522,44148,0:27:42.735528,4G
10387,1728,73230,0:44:46.966765,7G
