unique_enzymes,unique_substrates,num_pairs,time,memory
13,18,153,0:01:16.875537,57M
191,89,357,0:04:35.480063,204M
3139,498,4170,1:18:33.828044,207M
7000,1522,44148,2:46:03.640692,213M
10387,1728,73230,3:55:28.917024,218M
