unique_enzymes,unique_substrates,num_pairs,time,memory
13,18,153,0:01:49.148508,55M
191,89,357,0:06:32.795159,30M
3139,498,4170,1:28:18.526433,333M
7000,1522,44148,3:16:21.808820,3G
10387,1728,73230,4:47:01.651574,5G
