unique_enzymes,unique_substrates,num_pairs,time,memory
13,18,153,0:00:17.288068,85M
191,89,357,0:00:26.681164,30M
3139,498,4170,0:06:39.009973,333M
7000,1522,44148,0:16:10.624092,3G
10387,1728,73230,0:26:20.332389,5G
