unique_enzymes,unique_substrates,num_pairs,time,memory
13,18,153,0:00:40.976118,128M
191,89,357,0:01:35.371059,2G
3139,498,4170,0:17:33.069058,22G
7000,1522,44148,1:37:37.749625,22G
10387,1728,73230,3:25:46.705668,22G
